{
  "intervention_variable": "sales_lag1",
  "intervention_value": 86.82914257409108,
  "change_percent": 20,
  "outcome_variable": "sales",
  "actual_mean": 72.45068811867326,
  "counterfactual_mean": 73.569606974051,
  "effect_size": 1.1189188553777427,
  "percent_change": 1.544386788355921,
  "model_score": -0.054546147895728536,
  "timestamp": "2025-12-03T15:22:23.746305"
}