{
  "intervention_variable": "week",
  "intervention_value": 316.8,
  "change_percent": 20,
  "outcome_variable": "sales",
  "actual_mean": 72.45068811867326,
  "counterfactual_mean": 73.64082774465494,
  "effect_size": 1.1901396259816863,
  "percent_change": 1.6426891957634047,
  "model_score": 0.02945645900334415,
  "timestamp": "2025-12-03T15:22:23.890096"
}