{
  "intervention_variable": "week",
  "intervention_value": 316.8,
  "change_percent": 20,
  "outcome_variable": "sales",
  "actual_mean": 37.66247145213862,
  "counterfactual_mean": 37.92980020515603,
  "effect_size": 0.2673287530174093,
  "percent_change": 0.7098014089625798,
  "model_score": 0.004634179805098504,
  "timestamp": "2025-11-25T16:08:51.876827"
}