{
  "category": "C1",
  "best_architecture": {
    "num_layers": 4,
    "hidden_dims": [
      32,
      128,
      32,
      32
    ],
    "dropout_rates": [
      0.0,
      0.2,
      0.0,
      0.4
    ],
    "activation": "leaky_relu",
    "learning_rate": 0.0001,
    "batch_size": 32,
    "seq_length": 7
  },
  "best_metrics": {
    "val_loss": 0.07297109067440033,
    "mae": 0.23739726841449738,
    "rmse": 0.2780080549424778,
    "epochs_trained": 43
  },
  "fitness_history": [
    0.07297109067440033
  ],
  "total_architectures_evaluated": 40,
  "search_time": 1764179031.7673602
}