{
  "category": "C1",
  "centralized": {
    "mae": 0.2269488275051117,
    "rmse": 0.2656013814860058
  },
  "federated": {
    "mae": 0.18868149788367877,
    "rmse": 0.23025038925948327
  },
  "improvement": {
    "mae_percent": 16.861655573246352,
    "rmse_percent": 13.30979230180892
  }
}